{
  "checkForNewUpdates": false,
  "enableCopperGolem": true,
  "generateCopperGolemAreaStructure": true,
  "copperGolemAreaStructureWeight": 1,
  "generateCopperGolemInAncientCity": true,
  "copperGolemAncientCityCenterWeight": 3,
  "enableGlare": true,
  "enableGlareSpawn": true,
  "enableGlareGriefing": true,
  "glareSpawnWeight": 4,
  "glareSpawnMinGroupSize": 1,
  "glareSpawnMaxGroupSize": 1,
  "enableMauler": true,
  "enableMaulerSpawn": true,
  "maulerDesertSpawnWeight": 8,
  "maulerDesertSpawnMinGroupSize": 1,
  "maulerDesertSpawnMaxGroupSize": 1,
  "maulerBadlandsSpawnWeight": 16,
  "maulerBadlandsSpawnMinGroupSize": 1,
  "maulerBadlandsSpawnMaxGroupSize": 1,
  "maulerSavannaSpawnWeight": 32,
  "maulerSavannaSpawnMinGroupSize": 1,
  "maulerSavannaSpawnMaxGroupSize": 1,
  "enableMoobloom": true,
  "enableMoobloomSpawn": true,
  "moobloomFlowerForestSpawnWeight": 32,
  "moobloomFlowerForestSpawnMinGroupSize": 2,
  "moobloomFlowerForestSpawnMaxGroupSize": 4,
  "moobloomMeadowSpawnWeight": 2,
  "moobloomMeadowSpawnMinGroupSize": 2,
  "moobloomMeadowSpawnMaxGroupSize": 4,
  "enableIceologer": true,
  "enableIceologerSpawn": true,
  "enableIceologerInRaids": true,
  "generateIceologerCabinStructure": true,
  "enableIllusioner": true,
  "enableIllusionerSpawn": true,
  "enableIllusionerInRaids": true,
  "generateIllusionerShackStructure": true,
  "generateIllusionerTrainingGroundsStructure": true,
  "enableZombieHorseTrap": true,
  "enableTuffGolem": true,
  "generateTuffGolemInStronghold": true,
  "enableWildfire": true,
  "generateCitadelStructure": true,
  "enableBeekeeperVillagerProfession": true,
  "generateBeekeeperAreaStructure": true,
  "beekeeperAreaStructureWeight": 2
}
