{
  "_c7": "Displays vanilla/modded creatives tabs in /polymer creative",
  "displayNonPolymerCreativeTabs": true,
  "_c9": "Makes server send additional block updates around clicked area",
  "sendBlocksAroundClicked": true,
  "_c11": "Makes polymer report time it's handshake took",
  "logHandshakeTime": false,
  "_c12": "Enables logging of BlockState ids rebuilds",
  "logBlockStateRebuilds": true,
  "_c1": "Keep this one at 0, unless you credit this library in another way",
  "polyMcSyncModdedEntries": true,
  "_c2": "Marks resource pack as forced, only effects clients and mods using api to check it",
  "lightUpdateTickDelay": 1,
  "_c3": "Force-enables offset of CustomModelData",
  "force_strict_block_updates": false,
  "_c4": "Toggles Polymer's networking globally. It's recommended to leave it to true for better experience",
  "item_stack_nbt_hack": true
}